size,repeats,singles,heuristic,blocks,score
100,2,5,combine,37,0.6363636363636364
100,2,5,combine,41,0.5959595959595959
100,2,5,combine,34,0.6666666666666666
100,2,5,combine,41,0.5959595959595959
100,2,5,combine,42,0.5858585858585859
100,2,5,combine,39,0.6161616161616161
100,2,5,combine,41,0.5959595959595959
100,2,5,combine,40,0.6060606060606061
100,2,5,combine,34,0.6666666666666666
100,2,5,combine,37,0.6363636363636364
100,2,5,combine,34,0.6666666666666666
100,2,5,combine,42,0.5858585858585859
100,2,5,combine,42,0.5858585858585859
100,2,5,combine,41,0.5959595959595959
100,2,5,combine,38,0.6262626262626263
100,2,5,combine,37,0.6363636363636364
100,2,5,combine,38,0.6262626262626263
100,2,5,combine,36,0.6464646464646465
100,2,5,combine,40,0.6060606060606061
100,2,5,combine,40,0.6060606060606061
100,2,5,combine,39,0.6161616161616161
100,2,5,combine,41,0.5959595959595959
100,2,5,combine,37,0.6363636363636364
100,2,5,combine,38,0.6262626262626263
100,2,5,combine,37,0.6363636363636364
100,2,5,combine,42,0.5858585858585859
100,2,5,combine,37,0.6363636363636364
100,2,5,combine,39,0.6161616161616161
100,2,5,combine,32,0.6868686868686869
100,2,5,combine,42,0.5858585858585859
100,2,5,combine,41,0.5959595959595959
100,2,5,combine,40,0.6060606060606061
100,2,5,combine,46,0.5454545454545454
100,2,5,combine,38,0.6262626262626263
100,2,5,combine,40,0.6060606060606061
100,2,5,combine,39,0.6161616161616161
100,2,5,combine,38,0.6262626262626263
100,2,5,combine,41,0.5959595959595959
100,2,5,combine,42,0.5858585858585859
100,2,5,combine,39,0.6161616161616161
100,2,5,combine,39,0.6161616161616161
100,2,5,combine,36,0.6464646464646465
100,2,5,combine,37,0.6363636363636364
100,2,5,combine,37,0.6363636363636364
100,2,5,combine,36,0.6464646464646465
100,2,5,combine,39,0.6161616161616161
100,2,5,combine,38,0.6262626262626263
100,2,5,combine,37,0.6363636363636364
100,2,5,combine,43,0.5757575757575758
100,2,5,combine,42,0.5858585858585859
100,2,5,combine,35,0.6565656565656566
100,2,5,combine,38,0.6262626262626263
100,2,5,combine,34,0.6666666666666666
100,2,5,combine,36,0.6464646464646465
100,2,5,combine,41,0.5959595959595959
100,2,5,combine,39,0.6161616161616161
100,2,5,combine,44,0.5656565656565656
100,2,5,combine,40,0.6060606060606061
100,2,5,combine,38,0.6262626262626263
100,2,5,combine,39,0.6161616161616161
100,2,5,combine,41,0.5959595959595959
100,2,5,combine,39,0.6161616161616161
100,2,5,combine,37,0.6363636363636364
100,2,5,combine,36,0.6464646464646465
100,2,5,combine,37,0.6363636363636364
100,2,5,combine,39,0.6161616161616161
100,2,5,combine,38,0.6262626262626263
100,2,5,combine,37,0.6363636363636364
100,2,5,combine,40,0.6060606060606061
100,2,5,combine,36,0.6464646464646465
100,2,5,combine,41,0.5959595959595959
100,2,5,combine,37,0.6363636363636364
100,2,5,combine,40,0.6060606060606061
100,2,5,combine,40,0.6060606060606061
100,2,5,combine,36,0.6464646464646465
100,2,5,combine,36,0.6464646464646465
100,2,5,combine,38,0.6262626262626263
100,2,5,combine,38,0.6262626262626263
100,2,5,combine,40,0.6060606060606061
100,2,5,combine,43,0.5757575757575758
100,2,5,combine,35,0.6565656565656566
100,2,5,combine,40,0.6060606060606061
100,2,5,combine,40,0.6060606060606061
100,2,5,combine,36,0.6464646464646465
100,2,5,combine,36,0.6464646464646465
100,2,5,combine,39,0.6161616161616161
100,2,5,combine,38,0.6262626262626263
100,2,5,combine,40,0.6060606060606061
100,2,5,combine,39,0.6161616161616161
100,2,5,combine,40,0.6060606060606061
100,2,5,combine,36,0.6464646464646465
100,2,5,combine,36,0.6464646464646465
100,2,5,combine,41,0.5959595959595959
100,2,5,combine,41,0.5959595959595959
100,2,5,combine,38,0.6262626262626263
100,2,5,combine,36,0.6464646464646465
100,2,5,combine,39,0.6161616161616161
100,2,5,combine,40,0.6060606060606061
100,2,5,combine,38,0.6262626262626263
100,2,5,combine,39,0.6161616161616161
100,2,5,combine,37,0.6363636363636364
100,2,5,combine,40,0.6060606060606061
100,2,5,combine,40,0.6060606060606061
100,2,5,combine,40,0.6060606060606061
100,2,5,combine,38,0.6262626262626263
100,2,5,combine,36,0.6464646464646465
100,2,5,combine,36,0.6464646464646465
100,2,5,combine,37,0.6363636363636364
100,2,5,combine,40,0.6060606060606061
100,2,5,combine,33,0.6767676767676768
100,2,5,combine,40,0.6060606060606061
100,2,5,combine,34,0.6666666666666666
100,2,5,combine,36,0.6464646464646465
100,2,5,combine,38,0.6262626262626263
100,2,5,combine,42,0.5858585858585859
100,2,5,combine,36,0.6464646464646465
100,2,5,combine,41,0.5959595959595959
100,2,5,combine,38,0.6262626262626263
100,2,5,combine,38,0.6262626262626263
100,2,5,combine,43,0.5757575757575758
100,2,5,combine,35,0.6565656565656566
100,2,5,combine,40,0.6060606060606061
100,2,5,combine,37,0.6363636363636364
100,2,5,combine,45,0.5555555555555556
100,2,5,combine,41,0.5959595959595959
100,2,5,combine,38,0.6262626262626263
100,2,5,combine,44,0.5656565656565656
100,2,5,combine,40,0.6060606060606061
100,2,5,combine,40,0.6060606060606061
100,2,5,combine,40,0.6060606060606061
100,2,5,combine,40,0.6060606060606061
100,2,5,combine,39,0.6161616161616161
100,2,5,combine,39,0.6161616161616161
100,2,5,combine,44,0.5656565656565656
100,2,5,combine,38,0.6262626262626263
100,2,5,combine,40,0.6060606060606061
100,2,5,combine,42,0.5858585858585859
100,2,5,combine,37,0.6363636363636364
100,2,5,combine,43,0.5757575757575758
100,2,5,combine,41,0.5959595959595959
100,2,5,combine,41,0.5959595959595959
100,2,5,combine,38,0.6262626262626263
100,2,5,combine,38,0.6262626262626263
100,2,5,combine,39,0.6161616161616161
100,2,5,combine,38,0.6262626262626263
100,2,5,combine,44,0.5656565656565656
100,2,5,combine,39,0.6161616161616161
100,2,5,combine,39,0.6161616161616161
100,2,5,combine,40,0.6060606060606061
100,2,5,combine,40,0.6060606060606061
100,2,5,combine,37,0.6363636363636364
100,2,5,combine,41,0.5959595959595959
100,2,5,combine,41,0.5959595959595959
100,2,5,combine,39,0.6161616161616161
100,2,5,combine,34,0.6666666666666666
100,2,5,combine,36,0.6464646464646465
100,2,5,combine,32,0.6868686868686869
100,2,5,combine,39,0.6161616161616161
100,2,5,combine,35,0.6565656565656566
100,2,5,combine,37,0.6363636363636364
100,2,5,combine,39,0.6161616161616161
100,2,5,combine,38,0.6262626262626263
100,2,5,combine,37,0.6363636363636364
100,2,5,combine,37,0.6363636363636364
100,2,5,combine,44,0.5656565656565656
100,2,5,combine,36,0.6464646464646465
100,2,5,combine,39,0.6161616161616161
100,2,5,combine,44,0.5656565656565656
100,2,5,combine,42,0.5858585858585859
100,2,5,combine,41,0.5959595959595959
100,2,5,combine,39,0.6161616161616161
100,2,5,combine,36,0.6464646464646465
100,2,5,combine,39,0.6161616161616161
100,2,5,combine,37,0.6363636363636364
100,2,5,combine,36,0.6464646464646465
100,2,5,combine,43,0.5757575757575758
100,2,5,combine,43,0.5757575757575758
100,2,5,combine,36,0.6464646464646465
100,2,5,combine,37,0.6363636363636364
100,2,5,combine,37,0.6363636363636364
100,2,5,combine,40,0.6060606060606061
100,2,5,combine,41,0.5959595959595959
100,2,5,combine,36,0.6464646464646465
100,2,5,combine,39,0.6161616161616161
100,2,5,combine,35,0.6565656565656566
100,2,5,combine,40,0.6060606060606061
100,2,5,combine,42,0.5858585858585859
100,2,5,combine,41,0.5959595959595959
100,2,5,combine,39,0.6161616161616161
100,2,5,combine,41,0.5959595959595959
100,2,5,combineS,34,0.6666666666666666
100,2,5,combineS,39,0.6161616161616161
100,2,5,combineS,37,0.6363636363636364
100,2,5,combineS,41,0.5959595959595959
100,2,5,combineS,38,0.6262626262626263
100,2,5,combineS,40,0.6060606060606061
100,2,5,combineS,36,0.6464646464646465
100,2,5,combineS,36,0.6464646464646465
100,2,5,combineS,39,0.6161616161616161
100,2,5,combineS,35,0.6565656565656566
100,2,5,combineS,40,0.6060606060606061
100,2,5,combineS,39,0.6161616161616161
100,2,5,combineS,39,0.6161616161616161
100,2,5,combineS,38,0.6262626262626263
100,2,5,combineS,36,0.6464646464646465
100,2,5,combineS,39,0.6161616161616161
100,2,5,combineS,39,0.6161616161616161
100,2,5,combineS,39,0.6161616161616161
100,2,5,combineS,32,0.6868686868686869
100,2,5,combineS,46,0.5454545454545454
100,2,5,combineS,38,0.6262626262626263
100,2,5,combineS,37,0.6363636363636364
100,2,5,combineS,35,0.6565656565656566
100,2,5,combineS,35,0.6565656565656566
100,2,5,combineS,40,0.6060606060606061
100,2,5,combineS,32,0.6868686868686869
100,2,5,combineS,34,0.6666666666666666
100,2,5,combineS,41,0.5959595959595959
100,2,5,combineS,39,0.6161616161616161
100,2,5,combineS,36,0.6464646464646465
100,2,5,combineS,38,0.6262626262626263
100,2,5,combineS,40,0.6060606060606061
100,2,5,combineS,39,0.6161616161616161
100,2,5,combineS,39,0.6161616161616161
100,2,5,combineS,40,0.6060606060606061
100,2,5,combineS,37,0.6363636363636364
100,2,5,combineS,39,0.6161616161616161
100,2,5,combineS,36,0.6464646464646465
100,2,5,combineS,37,0.6363636363636364
100,2,5,combineS,31,0.696969696969697
100,2,5,combineS,38,0.6262626262626263
100,2,5,combineS,38,0.6262626262626263
100,2,5,combineS,36,0.6464646464646465
100,2,5,combineS,37,0.6363636363636364
100,2,5,combineS,43,0.5757575757575758
100,2,5,combineS,39,0.6161616161616161
100,2,5,combineS,37,0.6363636363636364
100,2,5,combineS,37,0.6363636363636364
100,2,5,combineS,35,0.6565656565656566
100,2,5,combineS,35,0.6565656565656566
100,2,5,combineS,38,0.6262626262626263
100,2,5,combineS,38,0.6262626262626263
100,2,5,combineS,38,0.6262626262626263
100,2,5,combineS,34,0.6666666666666666
100,2,5,combineS,39,0.6161616161616161
100,2,5,combineS,40,0.6060606060606061
100,2,5,combineS,35,0.6565656565656566
100,2,5,combineS,37,0.6363636363636364
100,2,5,combineS,40,0.6060606060606061
100,2,5,combineS,35,0.6565656565656566
100,2,5,combineS,31,0.696969696969697
100,2,5,combineS,38,0.6262626262626263
100,2,5,combineS,38,0.6262626262626263
100,2,5,combineS,34,0.6666666666666666
100,2,5,combineS,38,0.6262626262626263
100,2,5,combineS,35,0.6565656565656566
100,2,5,combineS,37,0.6363636363636364
100,2,5,combineS,39,0.6161616161616161
100,2,5,combineS,38,0.6262626262626263
100,2,5,combineS,36,0.6464646464646465
100,2,5,combineS,37,0.6363636363636364
100,2,5,combineS,39,0.6161616161616161
100,2,5,combineS,39,0.6161616161616161
100,2,5,combineS,37,0.6363636363636364
100,2,5,combineS,39,0.6161616161616161
100,2,5,combineS,38,0.6262626262626263
100,2,5,combineS,42,0.5858585858585859
100,2,5,combineS,36,0.6464646464646465
100,2,5,combineS,41,0.5959595959595959
100,2,5,combineS,36,0.6464646464646465
100,2,5,combineS,37,0.6363636363636364
100,2,5,combineS,35,0.6565656565656566
100,2,5,combineS,33,0.6767676767676768
100,2,5,combineS,34,0.6666666666666666
100,2,5,combineS,37,0.6363636363636364
100,2,5,combineS,34,0.6666666666666666
100,2,5,combineS,36,0.6464646464646465
100,2,5,combineS,36,0.6464646464646465
100,2,5,combineS,35,0.6565656565656566
100,2,5,combineS,41,0.5959595959595959
100,2,5,combineS,37,0.6363636363636364
100,2,5,combineS,37,0.6363636363636364
100,2,5,combineS,40,0.6060606060606061
100,2,5,combineS,38,0.6262626262626263
100,2,5,combineS,33,0.6767676767676768
100,2,5,combineS,37,0.6363636363636364
100,2,5,combineS,39,0.6161616161616161
100,2,5,combineS,36,0.6464646464646465
100,2,5,combineS,38,0.6262626262626263
100,2,5,combineS,37,0.6363636363636364
100,2,5,combineS,38,0.6262626262626263
100,2,5,combineS,34,0.6666666666666666
100,2,5,combineS,39,0.6161616161616161
100,2,5,combineS,38,0.6262626262626263
100,2,5,combineS,38,0.6262626262626263
100,2,5,combineS,36,0.6464646464646465
100,2,5,combineS,40,0.6060606060606061
100,2,5,combineS,38,0.6262626262626263
100,2,5,combineS,37,0.6363636363636364
100,2,5,combineS,37,0.6363636363636364
100,2,5,combineS,36,0.6464646464646465
100,2,5,combineS,37,0.6363636363636364
100,2,5,combineS,37,0.6363636363636364
100,2,5,combineS,40,0.6060606060606061
100,2,5,combineS,38,0.6262626262626263
100,2,5,combineS,39,0.6161616161616161
100,2,5,combineS,41,0.5959595959595959
100,2,5,combineS,32,0.6868686868686869
100,2,5,combineS,36,0.6464646464646465
100,2,5,combineS,36,0.6464646464646465
100,2,5,combineS,39,0.6161616161616161
100,2,5,combineS,33,0.6767676767676768
100,2,5,combineS,36,0.6464646464646465
100,2,5,combineS,36,0.6464646464646465
100,2,5,combineS,36,0.6464646464646465
100,2,5,combineS,37,0.6363636363636364
100,2,5,combineS,34,0.6666666666666666
100,2,5,combineS,38,0.6262626262626263
100,2,5,combineS,39,0.6161616161616161
100,2,5,combineS,37,0.6363636363636364
100,2,5,combineS,39,0.6161616161616161
100,2,5,combineS,41,0.5959595959595959
100,2,5,combineS,40,0.6060606060606061
100,2,5,combineS,33,0.6767676767676768
100,2,5,combineS,38,0.6262626262626263
100,2,5,combineS,40,0.6060606060606061
100,2,5,combineS,39,0.6161616161616161
100,2,5,combineS,36,0.6464646464646465
100,2,5,combineS,32,0.6868686868686869
100,2,5,combineS,36,0.6464646464646465
100,2,5,combineS,38,0.6262626262626263
100,2,5,combineS,38,0.6262626262626263
100,2,5,combineS,42,0.5858585858585859
100,2,5,combineS,39,0.6161616161616161
100,2,5,combineS,42,0.5858585858585859
100,2,5,combineS,40,0.6060606060606061
100,2,5,combineS,38,0.6262626262626263
100,2,5,combineS,39,0.6161616161616161
100,2,5,combineS,36,0.6464646464646465
100,2,5,combineS,35,0.6565656565656566
100,2,5,combineS,39,0.6161616161616161
100,2,5,combineS,41,0.5959595959595959
100,2,5,combineS,40,0.6060606060606061
100,2,5,combineS,35,0.6565656565656566
100,2,5,combineS,38,0.6262626262626263
100,2,5,combineS,41,0.5959595959595959
100,2,5,combineS,40,0.6060606060606061
100,2,5,combineS,35,0.6565656565656566
100,2,5,combineS,38,0.6262626262626263
100,2,5,combineS,37,0.6363636363636364
100,2,5,combineS,40,0.6060606060606061
100,2,5,combineS,39,0.6161616161616161
100,2,5,combineS,38,0.6262626262626263
100,2,5,combineS,32,0.6868686868686869
100,2,5,combineS,35,0.6565656565656566
100,2,5,combineS,36,0.6464646464646465
100,2,5,combineS,37,0.6363636363636364
100,2,5,combineS,38,0.6262626262626263
100,2,5,combineS,42,0.5858585858585859
100,2,5,combineS,40,0.6060606060606061
100,2,5,combineS,37,0.6363636363636364
100,2,5,greedy,30,0.7070707070707071
100,2,5,greedy,30,0.7070707070707071
100,2,5,greedy,30,0.7070707070707071
100,2,5,greedy,29,0.7171717171717171
100,2,5,greedy,29,0.7171717171717171
100,2,5,greedy,28,0.7272727272727273
100,2,5,greedy,29,0.7171717171717171
100,2,5,greedy,28,0.7272727272727273
100,2,5,greedy,29,0.7171717171717171
100,2,5,greedy,29,0.7171717171717171
100,2,5,greedy,31,0.696969696969697
100,2,5,greedy,31,0.696969696969697
100,2,5,greedy,30,0.7070707070707071
100,2,5,greedy,29,0.7171717171717171
100,2,5,greedy,31,0.696969696969697
100,2,5,greedy,30,0.7070707070707071
100,2,5,greedy,29,0.7171717171717171
100,2,5,greedy,28,0.7272727272727273
100,2,5,greedy,28,0.7272727272727273
100,2,5,greedy,30,0.7070707070707071
100,2,5,greedy,36,0.6464646464646465
100,2,5,greedy,26,0.7474747474747475
100,2,5,greedy,29,0.7171717171717171
100,2,5,greedy,29,0.7171717171717171
100,2,5,greedy,28,0.7272727272727273
100,2,5,greedy,30,0.7070707070707071
100,2,5,greedy,28,0.7272727272727273
100,2,5,greedy,28,0.7272727272727273
100,2,5,greedy,28,0.7272727272727273
100,2,5,greedy,30,0.7070707070707071
100,2,5,greedy,30,0.7070707070707071
100,2,5,greedy,27,0.7373737373737373
100,2,5,greedy,32,0.6868686868686869
100,2,5,greedy,29,0.7171717171717171
100,2,5,greedy,27,0.7373737373737373
100,2,5,greedy,33,0.6767676767676768
100,2,5,greedy,30,0.7070707070707071
100,2,5,greedy,29,0.7171717171717171
100,2,5,greedy,35,0.6565656565656566
100,2,5,greedy,31,0.696969696969697
100,2,5,greedy,30,0.7070707070707071
100,2,5,greedy,35,0.6565656565656566
100,2,5,greedy,30,0.7070707070707071
100,2,5,greedy,34,0.6666666666666666
100,2,5,greedy,26,0.7474747474747475
100,2,5,greedy,29,0.7171717171717171
100,2,5,greedy,30,0.7070707070707071
100,2,5,greedy,32,0.6868686868686869
100,2,5,greedy,30,0.7070707070707071
100,2,5,greedy,32,0.6868686868686869
100,2,5,greedy,31,0.696969696969697
100,2,5,greedy,31,0.696969696969697
100,2,5,greedy,29,0.7171717171717171
100,2,5,greedy,28,0.7272727272727273
100,2,5,greedy,31,0.696969696969697
100,2,5,greedy,27,0.7373737373737373
100,2,5,greedy,30,0.7070707070707071
100,2,5,greedy,33,0.6767676767676768
100,2,5,greedy,29,0.7171717171717171
100,2,5,greedy,28,0.7272727272727273
100,2,5,greedy,29,0.7171717171717171
100,2,5,greedy,28,0.7272727272727273
100,2,5,greedy,30,0.7070707070707071
100,2,5,greedy,30,0.7070707070707071
100,2,5,greedy,32,0.6868686868686869
100,2,5,greedy,31,0.696969696969697
100,2,5,greedy,29,0.7171717171717171
100,2,5,greedy,29,0.7171717171717171
100,2,5,greedy,26,0.7474747474747475
100,2,5,greedy,31,0.696969696969697
100,2,5,greedy,30,0.7070707070707071
100,2,5,greedy,30,0.7070707070707071
100,2,5,greedy,29,0.7171717171717171
100,2,5,greedy,29,0.7171717171717171
100,2,5,greedy,27,0.7373737373737373
100,2,5,greedy,31,0.696969696969697
100,2,5,greedy,29,0.7171717171717171
100,2,5,greedy,33,0.6767676767676768
100,2,5,greedy,28,0.7272727272727273
100,2,5,greedy,30,0.7070707070707071
100,2,5,greedy,31,0.696969696969697
100,2,5,greedy,26,0.7474747474747475
100,2,5,greedy,28,0.7272727272727273
100,2,5,greedy,28,0.7272727272727273
100,2,5,greedy,30,0.7070707070707071
100,2,5,greedy,29,0.7171717171717171
100,2,5,greedy,29,0.7171717171717171
100,2,5,greedy,27,0.7373737373737373
100,2,5,greedy,28,0.7272727272727273
100,2,5,greedy,31,0.696969696969697
100,2,5,greedy,28,0.7272727272727273
100,2,5,greedy,30,0.7070707070707071
100,2,5,greedy,27,0.7373737373737373
100,2,5,greedy,27,0.7373737373737373
100,2,5,greedy,30,0.7070707070707071
100,2,5,greedy,29,0.7171717171717171
100,2,5,greedy,28,0.7272727272727273
100,2,5,greedy,31,0.696969696969697
100,2,5,greedy,31,0.696969696969697
100,2,5,greedy,31,0.696969696969697
100,2,5,greedy,27,0.7373737373737373
100,2,5,greedy,31,0.696969696969697
100,2,5,greedy,33,0.6767676767676768
100,2,5,greedy,30,0.7070707070707071
100,2,5,greedy,30,0.7070707070707071
100,2,60,combine,88,0.12121212121212122
100,2,60,combine,83,0.1717171717171717
100,2,60,combine,84,0.16161616161616163
100,2,60,combine,82,0.18181818181818182
100,2,60,combine,84,0.16161616161616163
100,2,60,combine,89,0.1111111111111111
100,2,60,combine,84,0.16161616161616163
100,2,60,combine,82,0.18181818181818182
100,2,60,combine,86,0.1414141414141414
100,2,60,combine,81,0.1919191919191919
100,2,60,combine,78,0.2222222222222222
100,2,60,combine,82,0.18181818181818182
100,2,60,combine,81,0.1919191919191919
100,2,60,combine,84,0.16161616161616163
100,2,60,combine,82,0.18181818181818182
100,2,60,combine,86,0.1414141414141414
100,2,60,combine,87,0.13131313131313133
100,2,60,combine,87,0.13131313131313133
100,2,60,combine,85,0.15151515151515152
100,2,60,combine,85,0.15151515151515152
100,2,60,combine,84,0.16161616161616163
100,2,60,combine,82,0.18181818181818182
100,2,60,combine,85,0.15151515151515152
100,2,60,combine,80,0.20202020202020202
100,2,60,combine,82,0.18181818181818182
100,2,60,combine,85,0.15151515151515152
100,2,60,combine,85,0.15151515151515152
100,2,60,combine,84,0.16161616161616163
100,2,60,combine,84,0.16161616161616163
100,2,60,combine,84,0.16161616161616163
100,2,60,combine,83,0.1717171717171717
100,2,60,combine,83,0.1717171717171717
100,2,60,combine,82,0.18181818181818182
100,2,60,combine,83,0.1717171717171717
100,2,60,combine,85,0.15151515151515152
100,2,60,combine,84,0.16161616161616163
100,2,60,combine,84,0.16161616161616163
100,2,60,combine,83,0.1717171717171717
100,2,60,combine,86,0.1414141414141414
100,2,60,combine,86,0.1414141414141414
100,2,60,combine,81,0.1919191919191919
100,2,60,combine,83,0.1717171717171717
100,2,60,combine,81,0.1919191919191919
100,2,60,combine,83,0.1717171717171717
100,2,60,combine,85,0.15151515151515152
100,2,60,combine,84,0.16161616161616163
100,2,60,combine,83,0.1717171717171717
100,2,60,combine,83,0.1717171717171717
100,2,60,combine,82,0.18181818181818182
100,2,60,combine,86,0.1414141414141414
100,2,60,combine,86,0.1414141414141414
100,2,60,combine,88,0.12121212121212122
100,2,60,combine,82,0.18181818181818182
100,2,60,combine,84,0.16161616161616163
100,2,60,combine,85,0.15151515151515152
100,2,60,combine,86,0.1414141414141414
100,2,60,combine,88,0.12121212121212122
100,2,60,combine,85,0.15151515151515152
100,2,60,combine,84,0.16161616161616163
100,2,60,combine,83,0.1717171717171717
100,2,60,combine,87,0.13131313131313133
100,2,60,combine,83,0.1717171717171717
100,2,60,combine,86,0.1414141414141414
100,2,60,combine,85,0.15151515151515152
100,2,60,combine,85,0.15151515151515152
100,2,60,combine,82,0.18181818181818182
100,2,60,combine,83,0.1717171717171717
100,2,60,combine,81,0.1919191919191919
100,2,60,combine,85,0.15151515151515152
100,2,60,combine,83,0.1717171717171717
100,2,60,combine,80,0.20202020202020202
100,2,60,combine,87,0.13131313131313133
100,2,60,combine,81,0.1919191919191919
100,2,60,combine,85,0.15151515151515152
100,2,60,combine,82,0.18181818181818182
100,2,60,combine,81,0.1919191919191919
100,2,60,combine,84,0.16161616161616163
100,2,60,combine,86,0.1414141414141414
100,2,60,combine,83,0.1717171717171717
100,2,60,combine,83,0.1717171717171717
100,2,60,combine,87,0.13131313131313133
100,2,60,combine,82,0.18181818181818182
100,2,60,combine,83,0.1717171717171717
100,2,60,combine,86,0.1414141414141414
100,2,60,combine,85,0.15151515151515152
100,2,60,combine,80,0.20202020202020202
100,2,60,combine,80,0.20202020202020202
100,2,60,combine,88,0.12121212121212122
100,2,60,combine,88,0.12121212121212122
100,2,60,combine,82,0.18181818181818182
100,2,60,combine,80,0.20202020202020202
100,2,60,combine,85,0.15151515151515152
100,2,60,combine,79,0.21212121212121213
100,2,60,combine,81,0.1919191919191919
100,2,60,combine,82,0.18181818181818182
100,2,60,combine,86,0.1414141414141414
100,2,60,combine,84,0.16161616161616163
100,2,60,combine,86,0.1414141414141414
100,2,60,combine,81,0.1919191919191919
100,2,60,combine,82,0.18181818181818182
100,2,60,combine,87,0.13131313131313133
100,2,60,combine,84,0.16161616161616163
100,2,60,combine,82,0.18181818181818182
100,2,60,combine,87,0.13131313131313133
100,2,60,combine,85,0.15151515151515152
100,2,60,combine,81,0.1919191919191919
100,2,60,combine,83,0.1717171717171717
100,2,60,combine,80,0.20202020202020202
100,2,60,combine,86,0.1414141414141414
100,2,60,combine,81,0.1919191919191919
100,2,60,combine,86,0.1414141414141414
100,2,60,combine,84,0.16161616161616163
100,2,60,combine,83,0.1717171717171717
100,2,60,combine,82,0.18181818181818182
100,2,60,combine,82,0.18181818181818182
100,2,60,combine,86,0.1414141414141414
100,2,60,combine,84,0.16161616161616163
100,2,60,combine,86,0.1414141414141414
100,2,60,combine,83,0.1717171717171717
100,2,60,combine,85,0.15151515151515152
100,2,60,combine,86,0.1414141414141414
100,2,60,combine,85,0.15151515151515152
100,2,60,combine,85,0.15151515151515152
100,2,60,combine,87,0.13131313131313133
100,2,60,combine,86,0.1414141414141414
100,2,60,combine,85,0.15151515151515152
100,2,60,combine,84,0.16161616161616163
100,2,60,combine,83,0.1717171717171717
100,2,60,combine,85,0.15151515151515152
100,2,60,combine,85,0.15151515151515152
100,2,60,combine,81,0.1919191919191919
100,2,60,combine,81,0.1919191919191919
100,2,60,combine,83,0.1717171717171717
100,2,60,combine,80,0.20202020202020202
100,2,60,combine,87,0.13131313131313133
100,2,60,combine,83,0.1717171717171717
100,2,60,combineS,83,0.1717171717171717
100,2,60,combineS,82,0.18181818181818182
100,2,60,combineS,87,0.13131313131313133
100,2,60,combineS,82,0.18181818181818182
100,2,60,combineS,84,0.16161616161616163
100,2,60,combineS,86,0.1414141414141414
100,2,60,combineS,78,0.2222222222222222
100,2,60,combineS,83,0.1717171717171717
100,2,60,combineS,82,0.18181818181818182
100,2,60,combineS,85,0.15151515151515152
100,2,60,combineS,80,0.20202020202020202
100,2,60,combineS,84,0.16161616161616163
100,2,60,combineS,82,0.18181818181818182
100,2,60,combineS,84,0.16161616161616163
100,2,60,combineS,83,0.1717171717171717
100,2,60,combineS,84,0.16161616161616163
100,2,60,combineS,84,0.16161616161616163
100,2,60,combineS,84,0.16161616161616163
100,2,60,combineS,83,0.1717171717171717
100,2,60,combineS,83,0.1717171717171717
100,2,60,combineS,80,0.20202020202020202
100,2,60,combineS,82,0.18181818181818182
100,2,60,combineS,81,0.1919191919191919
100,2,60,combineS,83,0.1717171717171717
100,2,60,combineS,82,0.18181818181818182
100,2,60,combineS,86,0.1414141414141414
100,2,60,combineS,83,0.1717171717171717
100,2,60,combineS,82,0.18181818181818182
100,2,60,combineS,83,0.1717171717171717
100,2,60,combineS,85,0.15151515151515152
100,2,60,combineS,81,0.1919191919191919
100,2,60,combineS,83,0.1717171717171717
100,2,60,combineS,80,0.20202020202020202
100,2,60,combineS,86,0.1414141414141414
100,2,60,combineS,81,0.1919191919191919
100,2,60,combineS,84,0.16161616161616163
100,2,60,combineS,83,0.1717171717171717
100,2,60,combineS,84,0.16161616161616163
100,2,60,combineS,83,0.1717171717171717
100,2,60,combineS,84,0.16161616161616163
100,2,60,combineS,83,0.1717171717171717
100,2,60,combineS,82,0.18181818181818182
100,2,60,combineS,83,0.1717171717171717
100,2,60,combineS,87,0.13131313131313133
100,2,60,combineS,85,0.15151515151515152
100,2,60,combineS,83,0.1717171717171717
100,2,60,combineS,81,0.1919191919191919
100,2,60,combineS,84,0.16161616161616163
100,2,60,combineS,83,0.1717171717171717
100,2,60,combineS,86,0.1414141414141414
100,2,60,combineS,85,0.15151515151515152
100,2,60,combineS,81,0.1919191919191919
100,2,60,combineS,82,0.18181818181818182
100,2,60,combineS,85,0.15151515151515152
100,2,60,combineS,87,0.13131313131313133
100,2,60,combineS,85,0.15151515151515152
100,2,60,combineS,84,0.16161616161616163
100,2,60,combineS,83,0.1717171717171717
100,2,60,combineS,83,0.1717171717171717
100,2,60,combineS,82,0.18181818181818182
100,2,60,combineS,83,0.1717171717171717
100,2,60,combineS,85,0.15151515151515152
100,2,60,combineS,87,0.13131313131313133
100,2,60,combineS,87,0.13131313131313133
100,2,60,combineS,85,0.15151515151515152
100,2,60,combineS,80,0.20202020202020202
100,2,60,combineS,84,0.16161616161616163
100,2,60,combineS,84,0.16161616161616163
100,2,60,combineS,83,0.1717171717171717
100,2,60,combineS,81,0.1919191919191919
100,2,60,combineS,85,0.15151515151515152
100,2,60,combineS,83,0.1717171717171717
100,2,60,combineS,80,0.20202020202020202
100,2,60,combineS,86,0.1414141414141414
100,2,60,combineS,84,0.16161616161616163
100,2,60,combineS,80,0.20202020202020202
100,2,60,combineS,88,0.12121212121212122
100,2,60,combineS,80,0.20202020202020202
100,2,60,combineS,85,0.15151515151515152
100,2,60,combineS,81,0.1919191919191919
100,2,60,combineS,82,0.18181818181818182
100,2,60,combineS,86,0.1414141414141414
100,2,60,combineS,81,0.1919191919191919
100,2,60,combineS,82,0.18181818181818182
100,2,60,combineS,79,0.21212121212121213
100,2,60,combineS,87,0.13131313131313133
100,2,60,combineS,81,0.1919191919191919
100,2,60,combineS,86,0.1414141414141414
100,2,60,combineS,82,0.18181818181818182
100,2,60,combineS,82,0.18181818181818182
100,2,60,combineS,84,0.16161616161616163
100,2,60,combineS,80,0.20202020202020202
100,2,60,combineS,88,0.12121212121212122
100,2,60,combineS,82,0.18181818181818182
100,2,60,combineS,80,0.20202020202020202
100,2,60,combineS,88,0.12121212121212122
100,2,60,combineS,84,0.16161616161616163
100,2,60,combineS,86,0.1414141414141414
100,2,60,combineS,83,0.1717171717171717
100,2,60,combineS,83,0.1717171717171717
100,2,60,combineS,84,0.16161616161616163
100,2,60,combineS,83,0.1717171717171717
100,2,60,combineS,87,0.13131313131313133
100,2,60,combineS,83,0.1717171717171717
100,2,60,combineS,84,0.16161616161616163
100,2,60,combineS,83,0.1717171717171717
100,2,60,combineS,83,0.1717171717171717
100,2,60,combineS,87,0.13131313131313133
100,2,60,combineS,80,0.20202020202020202
100,2,60,combineS,82,0.18181818181818182
100,2,60,combineS,83,0.1717171717171717
100,2,60,combineS,86,0.1414141414141414
100,2,60,combineS,84,0.16161616161616163
100,2,60,combineS,81,0.1919191919191919
100,2,60,combineS,84,0.16161616161616163
100,2,60,combineS,83,0.1717171717171717
100,2,60,combineS,84,0.16161616161616163
100,2,60,combineS,85,0.15151515151515152
100,2,60,combineS,85,0.15151515151515152
100,2,60,combineS,87,0.13131313131313133
100,2,60,combineS,83,0.1717171717171717
100,2,60,combineS,80,0.20202020202020202
100,2,60,combineS,80,0.20202020202020202
100,2,60,combineS,82,0.18181818181818182
100,2,60,combineS,84,0.16161616161616163
100,2,60,combineS,83,0.1717171717171717
100,2,60,combineS,86,0.1414141414141414
100,2,60,combineS,85,0.15151515151515152
100,2,60,combineS,80,0.20202020202020202
100,2,60,combineS,82,0.18181818181818182
100,2,60,combineS,82,0.18181818181818182
100,2,60,combineS,81,0.1919191919191919
100,2,60,combineS,81,0.1919191919191919
100,2,60,combineS,85,0.15151515151515152
100,2,60,combineS,81,0.1919191919191919
100,2,60,combineS,86,0.1414141414141414
100,2,60,greedy,86,0.1414141414141414
100,2,60,greedy,79,0.21212121212121213
100,2,60,greedy,80,0.20202020202020202
100,2,60,greedy,87,0.13131313131313133
100,2,60,greedy,85,0.15151515151515152
100,2,60,greedy,83,0.1717171717171717
100,2,60,greedy,81,0.1919191919191919
100,2,60,greedy,82,0.18181818181818182
100,2,60,greedy,82,0.18181818181818182
100,2,60,greedy,84,0.16161616161616163
100,2,60,greedy,83,0.1717171717171717
100,2,60,greedy,79,0.21212121212121213
100,2,60,greedy,82,0.18181818181818182
100,2,60,greedy,83,0.1717171717171717
100,2,60,greedy,86,0.1414141414141414
100,2,60,greedy,83,0.1717171717171717
100,2,60,greedy,81,0.1919191919191919
100,2,60,greedy,83,0.1717171717171717
100,2,60,greedy,82,0.18181818181818182
100,2,60,greedy,83,0.1717171717171717
100,2,60,greedy,84,0.16161616161616163
100,2,60,greedy,82,0.18181818181818182
100,2,60,greedy,86,0.1414141414141414
100,2,60,greedy,84,0.16161616161616163
100,2,60,greedy,86,0.1414141414141414
100,2,60,greedy,83,0.1717171717171717
100,2,60,greedy,83,0.1717171717171717
100,2,60,greedy,82,0.18181818181818182
100,2,60,greedy,82,0.18181818181818182
100,2,60,greedy,87,0.13131313131313133
100,2,60,greedy,82,0.18181818181818182
100,2,60,greedy,83,0.1717171717171717
100,2,60,greedy,81,0.1919191919191919
100,2,60,greedy,84,0.16161616161616163
100,2,60,greedy,85,0.15151515151515152
100,2,60,greedy,80,0.20202020202020202
100,2,60,greedy,80,0.20202020202020202
100,2,60,greedy,84,0.16161616161616163
100,2,60,greedy,83,0.1717171717171717
100,2,60,greedy,84,0.16161616161616163
100,2,60,greedy,77,0.23232323232323232
100,2,60,greedy,82,0.18181818181818182
100,2,60,greedy,84,0.16161616161616163
100,2,60,greedy,86,0.1414141414141414
100,2,60,greedy,84,0.16161616161616163
100,2,60,greedy,78,0.2222222222222222
100,2,60,greedy,85,0.15151515151515152
100,2,60,greedy,86,0.1414141414141414
100,2,60,greedy,84,0.16161616161616163
100,2,60,greedy,88,0.12121212121212122
100,2,60,greedy,85,0.15151515151515152
100,2,60,greedy,84,0.16161616161616163
100,2,60,greedy,82,0.18181818181818182
100,2,60,greedy,84,0.16161616161616163
100,2,60,greedy,83,0.1717171717171717
100,2,60,greedy,81,0.1919191919191919
100,2,60,greedy,83,0.1717171717171717
100,2,60,greedy,82,0.18181818181818182
100,2,60,greedy,84,0.16161616161616163
100,2,60,greedy,81,0.1919191919191919
100,2,60,greedy,79,0.21212121212121213
100,2,60,greedy,85,0.15151515151515152
100,2,60,greedy,85,0.15151515151515152
100,2,60,greedy,84,0.16161616161616163
100,2,60,greedy,83,0.1717171717171717
100,2,60,greedy,80,0.20202020202020202
100,2,60,greedy,84,0.16161616161616163
100,2,60,greedy,84,0.16161616161616163
100,2,60,greedy,83,0.1717171717171717
100,2,60,greedy,84,0.16161616161616163
100,2,60,greedy,85,0.15151515151515152
100,2,60,greedy,87,0.13131313131313133
100,2,60,greedy,81,0.1919191919191919
100,2,60,greedy,86,0.1414141414141414
100,2,60,greedy,81,0.1919191919191919
100,2,60,greedy,79,0.21212121212121213
100,2,60,greedy,83,0.1717171717171717
100,2,60,greedy,82,0.18181818181818182
100,2,60,greedy,82,0.18181818181818182
100,2,60,greedy,86,0.1414141414141414
100,2,60,greedy,84,0.16161616161616163
100,2,60,greedy,86,0.1414141414141414
100,2,60,greedy,82,0.18181818181818182
100,2,60,greedy,83,0.1717171717171717
100,2,60,greedy,82,0.18181818181818182
100,2,60,greedy,84,0.16161616161616163
100,2,60,greedy,85,0.15151515151515152
100,2,60,greedy,82,0.18181818181818182
100,2,60,greedy,84,0.16161616161616163
100,2,60,greedy,85,0.15151515151515152
100,2,60,greedy,85,0.15151515151515152
100,2,60,greedy,80,0.20202020202020202
100,2,60,greedy,82,0.18181818181818182
100,2,60,greedy,80,0.20202020202020202
100,2,60,greedy,86,0.1414141414141414
100,2,60,greedy,89,0.1111111111111111
100,2,60,greedy,80,0.20202020202020202
100,2,60,greedy,83,0.1717171717171717
100,2,60,greedy,86,0.1414141414141414
100,2,60,greedy,89,0.1111111111111111
100,2,60,greedy,81,0.1919191919191919
100,2,60,greedy,87,0.13131313131313133
100,2,60,greedy,84,0.16161616161616163
100,2,60,greedy,79,0.21212121212121213
100,2,60,greedy,83,0.1717171717171717
100,2,60,greedy,85,0.15151515151515152
100,2,60,greedy,83,0.1717171717171717
100,2,60,greedy,83,0.1717171717171717
100,2,60,greedy,82,0.18181818181818182
100,2,60,greedy,81,0.1919191919191919
100,2,60,greedy,84,0.16161616161616163
100,2,60,greedy,80,0.20202020202020202
100,2,60,greedy,86,0.1414141414141414
100,2,60,greedy,85,0.15151515151515152
100,2,60,greedy,84,0.16161616161616163
100,2,60,greedy,85,0.15151515151515152
100,2,60,greedy,84,0.16161616161616163
100,2,60,greedy,83,0.1717171717171717
100,2,60,greedy,82,0.18181818181818182
100,2,60,greedy,84,0.16161616161616163
100,2,60,greedy,85,0.15151515151515152
100,2,60,greedy,78,0.2222222222222222
100,2,60,greedy,79,0.21212121212121213
100,2,60,greedy,84,0.16161616161616163
100,2,60,greedy,80,0.20202020202020202
100,2,60,greedy,87,0.13131313131313133
100,2,60,greedy,78,0.2222222222222222
100,2,60,greedy,83,0.1717171717171717
100,2,60,greedy,81,0.1919191919191919
100,2,60,greedy,82,0.18181818181818182
100,2,60,greedy,86,0.1414141414141414
100,2,60,greedy,84,0.16161616161616163
100,2,60,greedy,80,0.20202020202020202
100,2,60,greedy,81,0.1919191919191919
100,2,60,greedy,82,0.18181818181818182
100,2,60,greedy,86,0.1414141414141414
100,2,60,greedy,84,0.16161616161616163
100,2,60,greedy,85,0.15151515151515152
100,2,60,greedy,83,0.1717171717171717
100,2,60,greedy,85,0.15151515151515152
100,2,60,greedy,85,0.15151515151515152
100,2,60,greedy,83,0.1717171717171717
100,2,60,greedy,85,0.15151515151515152
100,2,60,greedy,79,0.21212121212121213
100,2,60,greedy,85,0.15151515151515152
100,2,60,greedy,86,0.1414141414141414
100,2,60,greedy,88,0.12121212121212122
100,2,60,greedy,84,0.16161616161616163
100,2,60,greedy,85,0.15151515151515152
100,2,60,greedy,86,0.1414141414141414
100,2,60,greedy,86,0.1414141414141414
100,2,60,greedy,80,0.20202020202020202
100,2,60,greedy,83,0.1717171717171717
